<?xml version="1.0" encoding="UTF-8"?>
<word_list xmlns:xsi="http://www.w3.org/2001/XMLSchema-instance" 
xsi:noNamespaceSchemaLocation="wordlists.xsd">
	<list>
		<name>auxiliaries</name>
		<item>
			<value>do</value>
		</item>
		<item>
			<value>have</value>
		</item>
		<item>
			<value>be</value>
		</item>
	</list>

	<list>
		<name>verb const doubling</name>
		<item>
			<value>abat</value>
		</item>
		<item>
			<value>abet</value>
		</item>
		<item>
			<value>abhor</value>
		</item>
		<item>
			<value>abut</value>
		</item>
		<item>
			<value>accur</value>
		</item>
		<item>
			<value>acquit</value>
		</item>
		<item>
			<value>adlib</value>
		</item>
		<item>
			<value>admit</value>
		</item>
		<item>
			<value>aerobat</value>
		</item>
		<item>
			<value>aerosol</value>
		</item>
		<item>
			<value>agendaset</value>
		</item>
		<item>
			<value>allot</value>
		</item>
		<item>
			<value>alot</value>
		</item>
		<item>
			<value>anagram</value>
		</item>
		<item>
			<value>annul</value>
		</item>
		<item>
			<value>appal</value>
		</item>
		<item>
			<value>apparel</value>
		</item>
		<item>
			<value>armbar</value>
		</item>
		<item>
			<value>aver</value>
		</item>
		<item>
			<value>babysit</value>
		</item>
		<item>
			<value>airdrop</value>
		</item>
		<item>
			<value>appal</value>
		</item>
		<item>
			<value>blackleg</value>
		</item>
		<item>
			<value>bobsled</value>
		</item>
		<item>
			<value>bur</value>
		</item>
		<item>
			<value>chum</value>
		</item>
		<item>
			<value>confab</value>
		</item>
		<item>
			<value>counterplot</value>
		</item>
		<item>
			<value>curet</value>
		</item>
		<item>
			<value>dib</value>
		</item>
		<item>
			<value>backdrop</value>
		</item>
		<item>
			<value>backfil</value>
		</item>
		<item>
			<value>backflip</value>
		</item>
		<item>
			<value>backlog</value>
		</item>
		<item>
			<value>backpedal</value>
		</item>
		<item>
			<value>backslap</value>
		</item>
		<item>
			<value>backstab</value>
		</item>
		<item>
			<value>bag</value>
		</item>
		<item>
			<value>balfun</value>
		</item>
		<item>
			<value>ballot</value>
		</item>
		<item>
			<value>ban</value>
		</item>
		<item>
			<value>bar</value>
		</item>
		<item>
			<value>barbel</value>
		</item>
		<item>
			<value>bareleg</value>
		</item>
		<item>
			<value>barrel</value>
		</item>
		<item>
			<value>bat</value>
		</item>
		<item>
			<value>bayonet</value>
		</item>
		<item>
			<value>becom</value>
		</item>
		<item>
			<value>bed</value>
		</item>
		<item>
			<value>bedevil</value>
		</item>
		<item>
			<value>bedwet</value>
		</item>
		<item>
			<value>beenhop</value>
		</item>
		<item>
			<value>befit</value>
		</item>
		<item>
			<value>befog</value>
		</item>
		<item>
			<value>beg</value>
		</item>
		<item>
			<value>beget</value>
		</item>
		<item>
			<value>begin</value>
		</item>
		<item>
			<value>bejewel</value>
		</item>
		<item>
			<value>bemedal</value>
		</item>
		<item>
			<value>benefit</value>
		</item>
		<item>
			<value>benum</value>
		</item>
		<item>
			<value>beset</value>
		</item>
		<item>
			<value>besot</value>
		</item>
		<item>
			<value>bestir</value>
		</item>
		<item>
			<value>bet</value>
		</item>
		<item>
			<value>betassel</value>
		</item>
		<item>
			<value>bevel</value>
		</item>
		<item>
			<value>bewig</value>
		</item>
		<item>
			<value>bib</value>
		</item>
		<item>
			<value>bid</value>
		</item>
		<item>
			<value>billet</value>
		</item>
		<item>
			<value>bin</value>
		</item>
		<item>
			<value>bip</value>
		</item>
		<item>
			<value>bit</value>
		</item>
		<item>
			<value>bitmap</value>
		</item>
		<item>
			<value>blab</value>
		</item>
		<item>
			<value>blag</value>
		</item>
		<item>
			<value>blam</value>
		</item>
		<item>
			<value>blan</value>
		</item>
		<item>
			<value>blat</value>
		</item>
		<item>
			<value>bles</value>
		</item>
		<item>
			<value>blim</value>
		</item>
		<item>
			<value>blip</value>
		</item>
		<item>
			<value>blob</value>
		</item>
		<item>
			<value>bloodlet</value>
		</item>
		<item>
			<value>blot</value>
		</item>
		<item>
			<value>blub</value>
		</item>
		<item>
			<value>blur</value>
		</item>
		<item>
			<value>bob</value>
		</item>
		<item>
			<value>bodypop</value>
		</item>
		<item>
			<value>bog</value>
		</item>
		<item>
			<value>booby-trap</value>
		</item>
		<item>
			<value>boobytrap</value>
		</item>
		<item>
			<value>booksel</value>
		</item>
		<item>
			<value>bootleg</value>
		</item>
		<item>
			<value>bop</value>
		</item>
		<item>
			<value>bot</value>
		</item>
		<item>
			<value>bowel</value>
		</item>
		<item>
			<value>bracket</value>
		</item>
		<item>
			<value>brag</value>
		</item>
		<item>
			<value>brig</value>
		</item>
		<item>
			<value>brim</value>
		</item>
		<item>
			<value>bud</value>
		</item>
		<item>
			<value>buffet</value>
		</item>
		<item>
			<value>bug</value>
		</item>
		<item>
			<value>bullshit</value>
		</item>
		<item>
			<value>bum</value>
		</item>
		<item>
			<value>bun</value>
		</item>
		<item>
			<value>bus</value>
		</item>
		<item>
			<value>but</value>
		</item>
		<item>
			<value>cab</value>
		</item>
		<item>
			<value>cabal</value>
		</item>
		<item>
			<value>cam</value>
		</item>
		<item>
			<value>can</value>
		</item>
		<item>
			<value>cancel</value>
		</item>
		<item>
			<value>cap</value>
		</item>
		<item>
			<value>caracol</value>
		</item>
		<item>
			<value>caravan</value>
		</item>
		<item>
			<value>carburet</value>
		</item>
		<item>
			<value>carnap</value>
		</item>
		<item>
			<value>carol</value>
		</item>
		<item>
			<value>carpetbag</value>
		</item>
		<item>
			<value>castanet</value>
		</item>
		<item>
			<value>cat</value>
		</item>
		<item>
			<value>catcal</value>
		</item>
		<item>
			<value>catnap</value>
		</item>
		<item>
			<value>cavil</value>
		</item>
		<item>
			<value>chan</value>
		</item>
		<item>
			<value>chanel</value>
		</item>
		<item>
			<value>channel</value>
		</item>
		<item>
			<value>chap</value>
		</item>
		<item>
			<value>char</value>
		</item>
		<item>
			<value>chargecap</value>
		</item>
		<item>
			<value>chat</value>
		</item>
		<item>
			<value>chin</value>
		</item>
		<item>
			<value>chip</value>
		</item>
		<item>
			<value>chir</value>
		</item>
		<item>
			<value>chirrup</value>
		</item>
		<item>
			<value>chisel</value>
		</item>
		<item>
			<value>chop</value>
		</item>
		<item>
			<value>chug</value>
		</item>
		<item>
			<value>chur</value>
		</item>
		<item>
			<value>clam</value>
		</item>
		<item>
			<value>clap</value>
		</item>
		<item>
			<value>clearcut</value>
		</item>
		<item>
			<value>clip</value>
		</item>
		<item>
			<value>clodhop</value>
		</item>
		<item>
			<value>clog</value>
		</item>
		<item>
			<value>clop</value>
		</item>
		<item>
			<value>closet</value>
		</item>
		<item>
			<value>clot</value>
		</item>
		<item>
			<value>club</value>
		</item>
		<item>
			<value>co-occur</value>
		</item>
		<item>
			<value>co-program</value>
		</item>
		<item>
			<value>co-refer</value>
		</item>
		<item>
			<value>co-run</value>
		</item>
		<item>
			<value>co-star</value>
		</item>
		<item>
			<value>cob</value>
		</item>
		<item>
			<value>cobweb</value>
		</item>
		<item>
			<value>cod</value>
		</item>
		<item>
			<value>coif</value>
		</item>
		<item>
			<value>com</value>
		</item>
		<item>
			<value>combat</value>
		</item>
		<item>
			<value>comit</value>
		</item>
		<item>
			<value>commit</value>
		</item>
		<item>
			<value>compel</value>
		</item>
		<item>
			<value>con</value>
		</item>
		<item>
			<value>concur</value>
		</item>
		<item>
			<value>confer</value>
		</item>
		<item>
			<value>confiscat</value>
		</item>
		<item>
			<value>control</value>
		</item>
		<item>
			<value>cop</value>
		</item>
		<item>
			<value>coquet</value>
		</item>
		<item>
			<value>coral</value>
		</item>
		<item>
			<value>corbel</value>
		</item>
		<item>
			<value>corral</value>
		</item>
		<item>
			<value>cosset</value>
		</item>
		<item>
			<value>cotransmit</value>
		</item>
		<item>
			<value>councel</value>
		</item>
		<item>
			<value>council</value>
		</item>
		<item>
			<value>counsel</value>
		</item>
		<item>
			<value>court-martial</value>
		</item>
		<item>
			<value>crab</value>
		</item>
		<item>
			<value>cram</value>
		</item>
		<item>
			<value>crap</value>
		</item>
		<item>
			<value>crib</value>
		</item>
		<item>
			<value>crop</value>
		</item>
		<item>
			<value>crossleg</value>
		</item>
		<item>
			<value>cub</value>
		</item>
		<item>
			<value>cudgel</value>
		</item>
		<item>
			<value>cum</value>
		</item>
		<item>
			<value>cun</value>
		</item>
		<item>
			<value>cup</value>
		</item>
		<item>
			<value>cut</value>
		</item>
		<item>
			<value>dab</value>
		</item>
		<item>
			<value>dag</value>
		</item>
		<item>
			<value>dam</value>
		</item>
		<item>
			<value>dan</value>
		</item>
		<item>
			<value>dap</value>
		</item>
		<item>
			<value>daysit</value>
		</item>
		<item>
			<value>de-control</value>
		</item>
		<item>
			<value>de-gazet</value>
		</item>
		<item>
			<value>de-hul</value>
		</item>
		<item>
			<value>de-instal</value>
		</item>
		<item>
			<value>de-mob</value>
		</item>
		<item>
			<value>de-program</value>
		</item>
		<item>
			<value>de-rig</value>
		</item>
		<item>
			<value>de-skil</value>
		</item>
		<item>
			<value>deadpan</value>
		</item>
		<item>
			<value>debag</value>
		</item>
		<item>
			<value>debar</value>
		</item>
		<item>
			<value>debug</value>
		</item>
		<item>
			<value>decommit</value>
		</item>
		<item>
			<value>decontrol</value>
		</item>
		<item>
			<value>defer</value>
		</item>
		<item>
			<value>defog</value>
		</item>
		<item>
			<value>deg</value>
		</item>
		<item>
			<value>degas</value>
		</item>
		<item>
			<value>deinstal</value>
		</item>
		<item>
			<value>demit</value>
		</item>
		<item>
			<value>demob</value>
		</item>
		<item>
			<value>demur</value>
		</item>
		<item>
			<value>den</value>
		</item>
		<item>
			<value>denet</value>
		</item>
		<item>
			<value>depig</value>
		</item>
		<item>
			<value>depip</value>
		</item>
		<item>
			<value>depit</value>
		</item>
		<item>
			<value>der</value>
		</item>
		<item>
			<value>deskil</value>
		</item>
		<item>
			<value>deter</value>
		</item>
		<item>
			<value>devil</value>
		</item>
		<item>
			<value>diagram</value>
		</item>
		<item>
			<value>dial</value>
		</item>
		<item>
			<value>dig</value>
		</item>
		<item>
			<value>dim</value>
		</item>
		<item>
			<value>din</value>
		</item>
		<item>
			<value>dip</value>
		</item>
		<item>
			<value>disbar</value>
		</item>
		<item>
			<value>disbud</value>
		</item>
		<item>
			<value>discomfit</value>
		</item>
		<item>
			<value>disembed</value>
		</item>
		<item>
			<value>disembowel</value>
		</item>
		<item>
			<value>dishevel</value>
		</item>
		<item>
			<value>disinter</value>
		</item>
		<item>
			<value>dispel</value>
		</item>
		<item>
			<value>disprefer</value>
		</item>
		<item>
			<value>distil</value>
		</item>
		<item>
			<value>dog</value>
		</item>
		<item>
			<value>dognap</value>
		</item>
		<item>
			<value>don</value>
		</item>
		<item>
			<value>doorstep</value>
		</item>
		<item>
			<value>dot</value>
		</item>
		<item>
			<value>dowel</value>
		</item>
		<item>
			<value>drag</value>
		</item>
		<item>
			<value>drat</value>
		</item>
		<item>
			<value>driftnet</value>
		</item>
		<item>
			<value>distil</value>
		</item>
		<item>
			<value>egotrip</value>
		</item>
		<item>
			<value>enrol</value>
		</item>
		<item>
			<value>enthral</value>
		</item>
		<item>
			<value>extol</value>
		</item>
		<item>
			<value>fulfil</value>
		</item>
		<item>
			<value>gaffe</value>
		</item>
		<item>
			<value>golliwog</value>
		</item>
		<item>
			<value>idyl</value>
		</item>
		<item>
			<value>inspan</value>
		</item>
		<item>
			<value>drip</value>
		</item>
		<item>
			<value>drivel</value>
		</item>
		<item>
			<value>drop</value>
		</item>
		<item>
			<value>drub</value>
		</item>
		<item>
			<value>drug</value>
		</item>
		<item>
			<value>drum</value>
		</item>
		<item>
			<value>dub</value>
		</item>
		<item>
			<value>duel</value>
		</item>
		<item>
			<value>dun</value>
		</item>
		<item>
			<value>dybbuk</value>
		</item>
		<item>
			<value>earwig</value>
		</item>
		<item>
			<value>eavesdrop</value>
		</item>
		<item>
			<value>ecolabel</value>
		</item>
		<item>
			<value>eitherspigot</value>
		</item>
		<item>
			<value>electroblot</value>
		</item>
		<item>
			<value>embed</value>
		</item>
		<item>
			<value>emit</value>
		</item>
		<item>
			<value>empanel</value>
		</item>
		<item>
			<value>enamel</value>
		</item>
		<item>
			<value>endlabel</value>
		</item>
		<item>
			<value>endtrim</value>
		</item>
		<item>
			<value>enrol</value>
		</item>
		<item>
			<value>enthral</value>
		</item>
		<item>
			<value>entrammel</value>
		</item>
		<item>
			<value>entrap</value>
		</item>
		<item>
			<value>enwrap</value>
		</item>
		<item>
			<value>equal</value>
		</item>
		<item>
			<value>equip</value>
		</item>
		<item>
			<value>estop</value>
		</item>
		<item>
			<value>exaggerat</value>
		</item>
		<item>
			<value>excel</value>
		</item>
		<item>
			<value>expel</value>
		</item>
		<item>
			<value>extol</value>
		</item>
		<item>
			<value>fag</value>
		</item>
		<item>
			<value>fan</value>
		</item>
		<item>
			<value>farewel</value>
		</item>
		<item>
			<value>fat</value>
		</item>
		<item>
			<value>featherbed</value>
		</item>
		<item>
			<value>feget</value>
		</item>
		<item>
			<value>fet</value>
		</item>
		<item>
			<value>fib</value>
		</item>
		<item>
			<value>fig</value>
		</item>
		<item>
			<value>fin</value>
		</item>
		<item>
			<value>fingerspel</value>
		</item>
		<item>
			<value>fingertip</value>
		</item>
		<item>
			<value>fit</value>
		</item>
		<item>
			<value>flab</value>
		</item>
		<item>
			<value>flag</value>
		</item>
		<item>
			<value>flap</value>
		</item>
		<item>
			<value>flip</value>
		</item>
		<item>
			<value>flit</value>
		</item>
		<item>
			<value>flog</value>
		</item>
		<item>
			<value>flop</value>
		</item>
		<item>
			<value>fob</value>
		</item>
		<item>
			<value>focus</value>
		</item>
		<item>
			<value>fog</value>
		</item>
		<item>
			<value>footbal</value>
		</item>
		<item>
			<value>footslog</value>
		</item>
		<item>
			<value>fop</value>
		</item>
		<item>
			<value>forbid</value>
		</item>
		<item>
			<value>forget</value>
		</item>
		<item>
			<value>format</value>
		</item>
		<item>
			<value>fortunetel</value>
		</item>
		<item>
			<value>fot</value>
		</item>
		<item>
			<value>foxtrot</value>
		</item>
		<item>
			<value>frag</value>
		</item>
		<item>
			<value>freefal</value>
		</item>
		<item>
			<value>fret</value>
		</item>
		<item>
			<value>frig</value>
		</item>
		<item>
			<value>frip</value>
		</item>
		<item>
			<value>frog</value>
		</item>
		<item>
			<value>frug</value>
		</item>
		<item>
			<value>fuel</value>
		</item>
		<item>
			<value>fufil</value>
		</item>
		<item>
			<value>fulfil</value>
		</item>
		<item>
			<value>fullyfit</value>
		</item>
		<item>
			<value>fun</value>
		</item>
		<item>
			<value>funnel</value>
		</item>
		<item>
			<value>fur</value>
		</item>
		<item>
			<value>furpul</value>
		</item>
		<item>
			<value>gab</value>
		</item>
		<item>
			<value>gad</value>
		</item>
		<item>
			<value>gag</value>
		</item>
		<item>
			<value>gam</value>
		</item>
		<item>
			<value>gambol</value>
		</item>
		<item>
			<value>gap</value>
		</item>
		<item>
			<value>garot</value>
		</item>
		<item>
			<value>garrot</value>
		</item>
		<item>
			<value>gas</value>
		</item>
		<item>
			<value>gat</value>
		</item>
		<item>
			<value>gel</value>
		</item>
		<item>
			<value>gen</value>
		</item>
		<item>
			<value>get</value>
		</item>
		<item>
			<value>giftwrap</value>
		</item>
		<item>
			<value>gig</value>
		</item>
		<item>
			<value>gimbal</value>
		</item>
		<item>
			<value>gin</value>
		</item>
		<item>
			<value>glam</value>
		</item>
		<item>
			<value>glenden</value>
		</item>
		<item>
			<value>glendin</value>
		</item>
		<item>
			<value>globetrot</value>
		</item>
		<item>
			<value>glug</value>
		</item>
		<item>
			<value>glut</value>
		</item>
		<item>
			<value>gob</value>
		</item>
		<item>
			<value>goldpan</value>
		</item>
		<item>
			<value>goostep</value>
		</item>
		<item>
			<value>gossip</value>
		</item>
		<item>
			<value>grab</value>
		</item>
		<item>
			<value>gravel</value>
		</item>
		<item>
			<value>grid</value>
		</item>
		<item>
			<value>grin</value>
		</item>
		<item>
			<value>grip</value>
		</item>
		<item>
			<value>grit</value>
		</item>
		<item>
			<value>groundhop</value>
		</item>
		<item>
			<value>grovel</value>
		</item>
		<item>
			<value>grub</value>
		</item>
		<item>
			<value>gum</value>
		</item>
		<item>
			<value>gun</value>
		</item>
		<item>
			<value>gunrun</value>
		</item>
		<item>
			<value>gut</value>
		</item>
		<item>
			<value>gyp</value>
		</item>
		<item>
			<value>haircut</value>
		</item>
		<item>
			<value>ham</value>
		</item>
		<item>
			<value>han</value>
		</item>
		<item>
			<value>handbag</value>
		</item>
		<item>
			<value>handicap</value>
		</item>
		<item>
			<value>handknit</value>
		</item>
		<item>
			<value>handset</value>
		</item>
		<item>
			<value>hap</value>
		</item>
		<item>
			<value>hareleg</value>
		</item>
		<item>
			<value>hat</value>
		</item>
		<item>
			<value>headbut</value>
		</item>
		<item>
			<value>hedgehop</value>
		</item>
		<item>
			<value>hem</value>
		</item>
		<item>
			<value>hen</value>
		</item>
		<item>
			<value>hiccup</value>
		</item>
		<item>
			<value>highwal</value>
		</item>
		<item>
			<value>hip</value>
		</item>
		<item>
			<value>hit</value>
		</item>
		<item>
			<value>hobnob</value>
		</item>
		<item>
			<value>hog</value>
		</item>
		<item>
			<value>hop</value>
		</item>
		<item>
			<value>horsewhip</value>
		</item>
		<item>
			<value>hostel</value>
		</item>
		<item>
			<value>hot</value>
		</item>
		<item>
			<value>hotdog</value>
		</item>
		<item>
			<value>hovel</value>
		</item>
		<item>
			<value>hug</value>
		</item>
		<item>
			<value>hum</value>
		</item>
		<item>
			<value>humbug</value>
		</item>
		<item>
			<value>hup</value>
		</item>
		<item>
			<value>hushkit</value>
		</item>
		<item>
			<value>hut</value>
		</item>
		<item>
			<value>illfit</value>
		</item>
		<item>
			<value>imbed</value>
		</item>
		<item>
			<value>immunblot</value>
		</item>
		<item>
			<value>immunoblot</value>
		</item>
		<item>
			<value>impannel</value>
		</item>
		<item>
			<value>impel</value>
		</item>
		<item>
			<value>imperil</value>
		</item>
		<item>
			<value>incur</value>
		</item>
		<item>
			<value>infer</value>
		</item>
		<item>
			<value>infil</value>
		</item>
		<item>
			<value>inflam</value>
		</item>
		<item>
			<value>initial</value>
		</item>
		<item>
			<value>input</value>
		</item>
		<item>
			<value>inset</value>
		</item>
		<item>
			<value>instil</value>
		</item>
		<item>
			<value>inter</value>
		</item>
		<item>
			<value>interbed</value>
		</item>
		<item>
			<value>intercrop</value>
		</item>
		<item>
			<value>intercut</value>
		</item>
		<item>
			<value>interfer</value>
		</item>
		<item>
			<value>instal</value>
		</item>
		<item>
			<value>instil</value>
		</item>
		<item>
			<value>intermit</value>
		</item>
		<item>
			<value>japan</value>
		</item>
		<item>
			<value>jug</value>
		</item>
		<item>
			<value>kris</value>
		</item>
		<item>
			<value>manumit</value>
		</item>
		<item>
			<value>mishit</value>
		</item>
		<item>
			<value>mousse</value>
		</item>
		<item>
			<value>mud</value>
		</item>
		<item>
			<value>interwar</value>
		</item>
		<item>
			<value>jab</value>
		</item>
		<item>
			<value>jag</value>
		</item>
		<item>
			<value>jam</value>
		</item>
		<item>
			<value>jar</value>
		</item>
		<item>
			<value>jawdrop</value>
		</item>
		<item>
			<value>jet</value>
		</item>
		<item>
			<value>jetlag</value>
		</item>
		<item>
			<value>jewel</value>
		</item>
		<item>
			<value>jib</value>
		</item>
		<item>
			<value>jig</value>
		</item>
		<item>
			<value>jitterbug</value>
		</item>
		<item>
			<value>job</value>
		</item>
		<item>
			<value>jog</value>
		</item>
		<item>
			<value>jog-trot</value>
		</item>
		<item>
			<value>jot</value>
		</item>
		<item>
			<value>jut</value>
		</item>
		<item>
			<value>ken</value>
		</item>
		<item>
			<value>kennel</value>
		</item>
		<item>
			<value>kid</value>
		</item>
		<item>
			<value>kidnap</value>
		</item>
		<item>
			<value>kip</value>
		</item>
		<item>
			<value>kissogram</value>
		</item>
		<item>
			<value>kit</value>
		</item>
		<item>
			<value>knap</value>
		</item>
		<item>
			<value>kneecap</value>
		</item>
		<item>
			<value>knit</value>
		</item>
		<item>
			<value>knob</value>
		</item>
		<item>
			<value>knot</value>
		</item>
		<item>
			<value>kor</value>
		</item>
		<item>
			<value>label</value>
		</item>
		<item>
			<value>lag</value>
		</item>
		<item>
			<value>lam</value>
		</item>
		<item>
			<value>lap</value>
		</item>
		<item>
			<value>lavel</value>
		</item>
		<item>
			<value>leafcut</value>
		</item>
		<item>
			<value>leapfrog</value>
		</item>
		<item>
			<value>leg</value>
		</item>
		<item>
			<value>lem</value>
		</item>
		<item>
			<value>lep</value>
		</item>
		<item>
			<value>let</value>
		</item>
		<item>
			<value>level</value>
		</item>
		<item>
			<value>libel</value>
		</item>
		<item>
			<value>lid</value>
		</item>
		<item>
			<value>lig</value>
		</item>
		<item>
			<value>lip</value>
		</item>
		<item>
			<value>lob</value>
		</item>
		<item>
			<value>log</value>
		</item>
		<item>
			<value>lok</value>
		</item>
		<item>
			<value>lollop</value>
		</item>
		<item>
			<value>longleg</value>
		</item>
		<item>
			<value>lop</value>
		</item>
		<item>
			<value>lowbal</value>
		</item>
		<item>
			<value>lug</value>
		</item>
		<item>
			<value>mackerel</value>
		</item>
		<item>
			<value>mahom</value>
		</item>
		<item>
			<value>man</value>
		</item>
		<item>
			<value>map</value>
		</item>
		<item>
			<value>mar</value>
		</item>
		<item>
			<value>marshal</value>
		</item>
		<item>
			<value>marvel</value>
		</item>
		<item>
			<value>mat</value>
		</item>
		<item>
			<value>matchwin</value>
		</item>
		<item>
			<value>metal</value>
		</item>
		<item>
			<value>micro-program</value>
		</item>
		<item>
			<value>microplan</value>
		</item>
		<item>
			<value>microprogram</value>
		</item>
		<item>
			<value>milksop</value>
		</item>
		<item>
			<value>mis-cal</value>
		</item>
		<item>
			<value>mis-club</value>
		</item>
		<item>
			<value>mis-spel</value>
		</item>
		<item>
			<value>miscal</value>
		</item>
		<item>
			<value>mishit</value>
		</item>
		<item>
			<value>mislabel</value>
		</item>
		<item>
			<value>mit</value>
		</item>
		<item>
			<value>mob</value>
		</item>
		<item>
			<value>mod</value>
		</item>
		<item>
			<value>model</value>
		</item>
		<item>
			<value>mohmam</value>
		</item>
		<item>
			<value>monogram</value>
		</item>
		<item>
			<value>mop</value>
		</item>
		<item>
			<value>mothbal</value>
		</item>
		<item>
			<value>mug</value>
		</item>
		<item>
			<value>multilevel</value>
		</item>
		<item>
			<value>mum</value>
		</item>
		<item>
			<value>nab</value>
		</item>
		<item>
			<value>nag</value>
		</item>
		<item>
			<value>nan</value>
		</item>
		<item>
			<value>nap</value>
		</item>
		<item>
			<value>net</value>
		</item>
		<item>
			<value>nightclub</value>
		</item>
		<item>
			<value>nightsit</value>
		</item>
		<item>
			<value>nip</value>
		</item>
		<item>
			<value>nod</value>
		</item>
		<item>
			<value>nonplus</value>
		</item>
		<item>
			<value>norkop</value>
		</item>
		<item>
			<value>nostril</value>
		</item>
		<item>
			<value>not</value>
		</item>
		<item>
			<value>nut</value>
		</item>
		<item>
			<value>nutmeg</value>
		</item>
		<item>
			<value>occur</value>
		</item>
		<item>
			<value>ocur</value>
		</item>
		<item>
			<value>offput</value>
		</item>
		<item>
			<value>offset</value>
		</item>
		<item>
			<value>omit</value>
		</item>
		<item>
			<value>ommit</value>
		</item>
		<item>
			<value>onlap</value>
		</item>
		<item>
			<value>out-general</value>
		</item>
		<item>
			<value>out-gun</value>
		</item>
		<item>
			<value>out-jab</value>
		</item>
		<item>
			<value>out-plan</value>
		</item>
		<item>
			<value>out-pol</value>
		</item>
		<item>
			<value>out-pul</value>
		</item>
		<item>
			<value>out-put</value>
		</item>
		<item>
			<value>out-run</value>
		</item>
		<item>
			<value>out-sel</value>
		</item>
		<item>
			<value>outbid</value>
		</item>
		<item>
			<value>outcrop</value>
		</item>
		<item>
			<value>outfit</value>
		</item>
		<item>
			<value>outgas</value>
		</item>
		<item>
			<value>outgun</value>
		</item>
		<item>
			<value>outhit</value>
		</item>
		<item>
			<value>outjab</value>
		</item>
		<item>
			<value>outpol</value>
		</item>
		<item>
			<value>output</value>
		</item>
		<item>
			<value>outrun</value>
		</item>
		<item>
			<value>outship</value>
		</item>
		<item>
			<value>outshop</value>
		</item>
		<item>
			<value>outsin</value>
		</item>
		<item>
			<value>outstrip</value>
		</item>
		<item>
			<value>outswel</value>
		</item>
		<item>
			<value>outspan</value>
		</item>
		<item>
			<value>overcrop</value>
		</item>
		<item>
			<value>pettifog</value>
		</item>
		<item>
			<value>photostat</value>
		</item>
		<item>
			<value>pouf</value>
		</item>
		<item>
			<value>preset</value>
		</item>
		<item>
			<value>prim</value>
		</item>
		<item>
			<value>pug</value>
		</item>
		<item>
			<value>ret</value>
		</item>
		<item>
			<value>rosin</value>
		</item>
		<item>
			<value>outwit</value>
		</item>
		<item>
			<value>over-commit</value>
		</item>
		<item>
			<value>over-control</value>
		</item>
		<item>
			<value>over-fil</value>
		</item>
		<item>
			<value>over-fit</value>
		</item>
		<item>
			<value>over-lap</value>
		</item>
		<item>
			<value>over-model</value>
		</item>
		<item>
			<value>over-pedal</value>
		</item>
		<item>
			<value>over-pet</value>
		</item>
		<item>
			<value>over-run</value>
		</item>
		<item>
			<value>over-sel</value>
		</item>
		<item>
			<value>over-step</value>
		</item>
		<item>
			<value>over-tip</value>
		</item>
		<item>
			<value>over-top</value>
		</item>
		<item>
			<value>overbid</value>
		</item>
		<item>
			<value>overcal</value>
		</item>
		<item>
			<value>overcommit</value>
		</item>
		<item>
			<value>overcontrol</value>
		</item>
		<item>
			<value>overcrap</value>
		</item>
		<item>
			<value>overdub</value>
		</item>
		<item>
			<value>overfil</value>
		</item>
		<item>
			<value>overhat</value>
		</item>
		<item>
			<value>overhit</value>
		</item>
		<item>
			<value>overlap</value>
		</item>
		<item>
			<value>overman</value>
		</item>
		<item>
			<value>overplot</value>
		</item>
		<item>
			<value>overrun</value>
		</item>
		<item>
			<value>overshop</value>
		</item>
		<item>
			<value>overstep</value>
		</item>
		<item>
			<value>overtip</value>
		</item>
		<item>
			<value>overtop</value>
		</item>
		<item>
			<value>overwet</value>
		</item>
		<item>
			<value>overwil</value>
		</item>
		<item>
			<value>pad</value>
		</item>
		<item>
			<value>paintbal</value>
		</item>
		<item>
			<value>pan</value>
		</item>
		<item>
			<value>panel</value>
		</item>
		<item>
			<value>paperclip</value>
		</item>
		<item>
			<value>par</value>
		</item>
		<item>
			<value>parallel</value>
		</item>
		<item>
			<value>parcel</value>
		</item>
		<item>
			<value>partiescal</value>
		</item>
		<item>
			<value>pat</value>
		</item>
		<item>
			<value>patrol</value>
		</item>
		<item>
			<value>pedal</value>
		</item>
		<item>
			<value>peewit</value>
		</item>
		<item>
			<value>peg</value>
		</item>
		<item>
			<value>pen</value>
		</item>
		<item>
			<value>pencil</value>
		</item>
		<item>
			<value>pep</value>
		</item>
		<item>
			<value>permit</value>
		</item>
		<item>
			<value>pet</value>
		</item>
		<item>
			<value>petal</value>
		</item>
		<item>
			<value>photoset</value>
		</item>
		<item>
			<value>phototypeset</value>
		</item>
		<item>
			<value>phut</value>
		</item>
		<item>
			<value>picket</value>
		</item>
		<item>
			<value>pig</value>
		</item>
		<item>
			<value>pilot</value>
		</item>
		<item>
			<value>pin</value>
		</item>
		<item>
			<value>pinbal</value>
		</item>
		<item>
			<value>pip</value>
		</item>
		<item>
			<value>pipefit</value>
		</item>
		<item>
			<value>pipet</value>
		</item>
		<item>
			<value>pit</value>
		</item>
		<item>
			<value>plan</value>
		</item>
		<item>
			<value>plit</value>
		</item>
		<item>
			<value>plod</value>
		</item>
		<item>
			<value>plop</value>
		</item>
		<item>
			<value>plot</value>
		</item>
		<item>
			<value>plug</value>
		</item>
		<item>
			<value>plumet</value>
		</item>
		<item>
			<value>plummet</value>
		</item>
		<item>
			<value>pod</value>
		</item>
		<item>
			<value>policyset</value>
		</item>
		<item>
			<value>polyfil</value>
		</item>
		<item>
			<value>ponytrek</value>
		</item>
		<item>
			<value>pop</value>
		</item>
		<item>
			<value>pot</value>
		</item>
		<item>
			<value>pram</value>
		</item>
		<item>
			<value>prebag</value>
		</item>
		<item>
			<value>predistil</value>
		</item>
		<item>
			<value>predril</value>
		</item>
		<item>
			<value>prefer</value>
		</item>
		<item>
			<value>prefil</value>
		</item>
		<item>
			<value>preinstal</value>
		</item>
		<item>
			<value>prep</value>
		</item>
		<item>
			<value>preplan</value>
		</item>
		<item>
			<value>preprogram</value>
		</item>
		<item>
			<value>prizewin</value>
		</item>
		<item>
			<value>prod</value>
		</item>
		<item>
			<value>profer</value>
		</item>
		<item>
			<value>prog</value>
		</item>
		<item>
			<value>program</value>
		</item>
		<item>
			<value>prop</value>
		</item>
		<item>
			<value>propel</value>
		</item>
		<item>
			<value>pub</value>
		</item>
		<item>
			<value>pummel</value>
		</item>
		<item>
			<value>pun</value>
		</item>
		<item>
			<value>pup</value>
		</item>
		<item>
			<value>pushfit</value>
		</item>
		<item>
			<value>put</value>
		</item>
		<item>
			<value>quarel</value>
		</item>
		<item>
			<value>quarrel</value>
		</item>
		<item>
			<value>quickskim</value>
		</item>
		<item>
			<value>quickstep</value>
		</item>
		<item>
			<value>quickwit</value>
		</item>
		<item>
			<value>quip</value>
		</item>
		<item>
			<value>quit</value>
		</item>
		<item>
			<value>quivertip</value>
		</item>
		<item>
			<value>quiz</value>
		</item>
		<item>
			<value>rabbit</value>
		</item>
		<item>
			<value>rabit</value>
		</item>
		<item>
			<value>radiolabel</value>
		</item>
		<item>
			<value>rag</value>
		</item>
		<item>
			<value>ram</value>
		</item>
		<item>
			<value>ramrod</value>
		</item>
		<item>
			<value>rap</value>
		</item>
		<item>
			<value>rat</value>
		</item>
		<item>
			<value>ratecap</value>
		</item>
		<item>
			<value>ravel</value>
		</item>
		<item>
			<value>re-admit</value>
		</item>
		<item>
			<value>re-cal</value>
		</item>
		<item>
			<value>re-cap</value>
		</item>
		<item>
			<value>re-channel</value>
		</item>
		<item>
			<value>re-dig</value>
		</item>
		<item>
			<value>re-dril</value>
		</item>
		<item>
			<value>re-emit</value>
		</item>
		<item>
			<value>re-fil</value>
		</item>
		<item>
			<value>re-fit</value>
		</item>
		<item>
			<value>re-flag</value>
		</item>
		<item>
			<value>re-format</value>
		</item>
		<item>
			<value>re-fret</value>
		</item>
		<item>
			<value>re-hab</value>
		</item>
		<item>
			<value>re-instal</value>
		</item>
		<item>
			<value>re-inter</value>
		</item>
		<item>
			<value>re-lap</value>
		</item>
		<item>
			<value>re-let</value>
		</item>
		<item>
			<value>re-map</value>
		</item>
		<item>
			<value>re-metal</value>
		</item>
		<item>
			<value>re-model</value>
		</item>
		<item>
			<value>re-pastel</value>
		</item>
		<item>
			<value>re-plan</value>
		</item>
		<item>
			<value>re-plot</value>
		</item>
		<item>
			<value>re-plug</value>
		</item>
		<item>
			<value>re-pot</value>
		</item>
		<item>
			<value>re-program</value>
		</item>
		<item>
			<value>re-refer</value>
		</item>
		<item>
			<value>re-rig</value>
		</item>
		<item>
			<value>re-rol</value>
		</item>
		<item>
			<value>re-run</value>
		</item>
		<item>
			<value>re-sel</value>
		</item>
		<item>
			<value>re-set</value>
		</item>
		<item>
			<value>re-skin</value>
		</item>
		<item>
			<value>re-stal</value>
		</item>
		<item>
			<value>re-submit</value>
		</item>
		<item>
			<value>re-tel</value>
		</item>
		<item>
			<value>re-top</value>
		</item>
		<item>
			<value>re-transmit</value>
		</item>
		<item>
			<value>re-trim</value>
		</item>
		<item>
			<value>re-wrap</value>
		</item>
		<item>
			<value>readmit</value>
		</item>
		<item>
			<value>reallot</value>
		</item>
		<item>
			<value>rebel</value>
		</item>
		<item>
			<value>rebid</value>
		</item>
		<item>
			<value>rebin</value>
		</item>
		<item>
			<value>rebut</value>
		</item>
		<item>
			<value>recap</value>
		</item>
		<item>
			<value>rechannel</value>
		</item>
		<item>
			<value>recommit</value>
		</item>
		<item>
			<value>recrop</value>
		</item>
		<item>
			<value>recur</value>
		</item>
		<item>
			<value>recut</value>
		</item>
		<item>
			<value>red</value>
		</item>
		<item>
			<value>redril</value>
		</item>
		<item>
			<value>refer</value>
		</item>
		<item>
			<value>refit</value>
		</item>
		<item>
			<value>reformat</value>
		</item>
		<item>
			<value>refret</value>
		</item>
		<item>
			<value>refuel</value>
		</item>
		<item>
			<value>reget</value>
		</item>
		<item>
			<value>regret</value>
		</item>
		<item>
			<value>reinter</value>
		</item>
		<item>
			<value>rejig</value>
		</item>
		<item>
			<value>rekit</value>
		</item>
		<item>
			<value>reknot</value>
		</item>
		<item>
			<value>relabel</value>
		</item>
		<item>
			<value>relet</value>
		</item>
		<item>
			<value>rem</value>
		</item>
		<item>
			<value>remap</value>
		</item>
		<item>
			<value>remetal</value>
		</item>
		<item>
			<value>remit</value>
		</item>
		<item>
			<value>remodel</value>
		</item>
		<item>
			<value>reoccur</value>
		</item>
		<item>
			<value>rep</value>
		</item>
		<item>
			<value>repel</value>
		</item>
		<item>
			<value>repin</value>
		</item>
		<item>
			<value>replan</value>
		</item>
		<item>
			<value>replot</value>
		</item>
		<item>
			<value>repol</value>
		</item>
		<item>
			<value>repot</value>
		</item>
		<item>
			<value>reprogram</value>
		</item>
		<item>
			<value>rerun</value>
		</item>
		<item>
			<value>reset</value>
		</item>
		<item>
			<value>resignal</value>
		</item>
		<item>
			<value>resit</value>
		</item>
		<item>
			<value>reskil</value>
		</item>
		<item>
			<value>resubmit</value>
		</item>
		<item>
			<value>retransfer</value>
		</item>
		<item>
			<value>retransmit</value>
		</item>
		<item>
			<value>retro-fit</value>
		</item>
		<item>
			<value>retrofit</value>
		</item>
		<item>
			<value>rev</value>
		</item>
		<item>
			<value>revel</value>
		</item>
		<item>
			<value>revet</value>
		</item>
		<item>
			<value>rewrap</value>
		</item>
		<item>
			<value>rib</value>
		</item>
		<item>
			<value>richochet</value>
		</item>
		<item>
			<value>ricochet</value>
		</item>
		<item>
			<value>rid</value>
		</item>
		<item>
			<value>rig</value>
		</item>
		<item>
			<value>rim</value>
		</item>
		<item>
			<value>ringlet</value>
		</item>
		<item>
			<value>rip</value>
		</item>
		<item>
			<value>rit</value>
		</item>
		<item>
			<value>rival</value>
		</item>
		<item>
			<value>rivet</value>
		</item>
		<item>
			<value>roadrun</value>
		</item>
		<item>
			<value>rob</value>
		</item>
		<item>
			<value>rocket</value>
		</item>
		<item>
			<value>rod</value>
		</item>
		<item>
			<value>roset</value>
		</item>
		<item>
			<value>rot</value>
		</item>
		<item>
			<value>rowel</value>
		</item>
		<item>
			<value>rub</value>
		</item>
		<item>
			<value>run</value>
		</item>
		<item>
			<value>runnel</value>
		</item>
		<item>
			<value>rut</value>
		</item>
		<item>
			<value>sab</value>
		</item>
		<item>
			<value>sad</value>
		</item>
		<item>
			<value>sag</value>
		</item>
		<item>
			<value>sandbag</value>
		</item>
		<item>
			<value>sap</value>
		</item>
		<item>
			<value>scab</value>
		</item>
		<item>
			<value>scalpel</value>
		</item>
		<item>
			<value>scam</value>
		</item>
		<item>
			<value>scan</value>
		</item>
		<item>
			<value>scar</value>
		</item>
		<item>
			<value>scat</value>
		</item>
		<item>
			<value>schlep</value>
		</item>
		<item>
			<value>scrag</value>
		</item>
		<item>
			<value>scram</value>
		</item>
		<item>
			<value>shall</value>
		</item>
		<item>
			<value>sled</value>
		</item>
		<item>
			<value>smut</value>
		</item>
		<item>
			<value>stet</value>
		</item>
		<item>
			<value>sulfuret</value>
		</item>
		<item>
			<value>trepan</value>
		</item>
		<item>
			<value>unrip</value>
		</item>
		<item>
			<value>unstop</value>
		</item>
		<item>
			<value>whir</value>
		</item>
		<item>
			<value>whop</value>
		</item>
		<item>
			<value>wig</value>
		</item>
		<item>
			<value>scrap</value>
		</item>
		<item>
			<value>scrat</value>
		</item>
		<item>
			<value>scrub</value>
		</item>
		<item>
			<value>scrum</value>
		</item>
		<item>
			<value>scud</value>
		</item>
		<item>
			<value>scum</value>
		</item>
		<item>
			<value>scur</value>
		</item>
		<item>
			<value>semi-control</value>
		</item>
		<item>
			<value>semi-skil</value>
		</item>
		<item>
			<value>semi-skim</value>
		</item>
		<item>
			<value>semiskil</value>
		</item>
		<item>
			<value>sentinel</value>
		</item>
		<item>
			<value>set</value>
		</item>
		<item>
			<value>shag</value>
		</item>
		<item>
			<value>sham</value>
		</item>
		<item>
			<value>shed</value>
		</item>
		<item>
			<value>shim</value>
		</item>
		<item>
			<value>shin</value>
		</item>
		<item>
			<value>ship</value>
		</item>
		<item>
			<value>shir</value>
		</item>
		<item>
			<value>shit</value>
		</item>
		<item>
			<value>shlap</value>
		</item>
		<item>
			<value>shop</value>
		</item>
		<item>
			<value>shopfit</value>
		</item>
		<item>
			<value>shortfal</value>
		</item>
		<item>
			<value>shot</value>
		</item>
		<item>
			<value>shovel</value>
		</item>
		<item>
			<value>shred</value>
		</item>
		<item>
			<value>shrinkwrap</value>
		</item>
		<item>
			<value>shrivel</value>
		</item>
		<item>
			<value>shrug</value>
		</item>
		<item>
			<value>shun</value>
		</item>
		<item>
			<value>shut</value>
		</item>
		<item>
			<value>side-step</value>
		</item>
		<item>
			<value>sideslip</value>
		</item>
		<item>
			<value>sidestep</value>
		</item>
		<item>
			<value>signal</value>
		</item>
		<item>
			<value>sin</value>
		</item>
		<item>
			<value>sinbin</value>
		</item>
		<item>
			<value>sip</value>
		</item>
		<item>
			<value>sit</value>
		</item>
		<item>
			<value>skid</value>
		</item>
		<item>
			<value>skim</value>
		</item>
		<item>
			<value>skin</value>
		</item>
		<item>
			<value>skip</value>
		</item>
		<item>
			<value>skir</value>
		</item>
		<item>
			<value>skrag</value>
		</item>
		<item>
			<value>slab</value>
		</item>
		<item>
			<value>slag</value>
		</item>
		<item>
			<value>slam</value>
		</item>
		<item>
			<value>slap</value>
		</item>
		<item>
			<value>slim</value>
		</item>
		<item>
			<value>slip</value>
		</item>
		<item>
			<value>slit</value>
		</item>
		<item>
			<value>slob</value>
		</item>
		<item>
			<value>slog</value>
		</item>
		<item>
			<value>slop</value>
		</item>
		<item>
			<value>slot</value>
		</item>
		<item>
			<value>slowclap</value>
		</item>
		<item>
			<value>slug</value>
		</item>
		<item>
			<value>slum</value>
		</item>
		<item>
			<value>slur</value>
		</item>
		<item>
			<value>smit</value>
		</item>
		<item>
			<value>snag</value>
		</item>
		<item>
			<value>snap</value>
		</item>
		<item>
			<value>snip</value>
		</item>
		<item>
			<value>snivel</value>
		</item>
		<item>
			<value>snog</value>
		</item>
		<item>
			<value>snorkel</value>
		</item>
		<item>
			<value>snowcem</value>
		</item>
		<item>
			<value>snub</value>
		</item>
		<item>
			<value>snug</value>
		</item>
		<item>
			<value>sob</value>
		</item>
		<item>
			<value>sod</value>
		</item>
		<item>
			<value>softpedal</value>
		</item>
		<item>
			<value>son</value>
		</item>
		<item>
			<value>sop</value>
		</item>
		<item>
			<value>spam</value>
		</item>
		<item>
			<value>span</value>
		</item>
		<item>
			<value>spar</value>
		</item>
		<item>
			<value>spat</value>
		</item>
		<item>
			<value>spiderweb</value>
		</item>
		<item>
			<value>spin</value>
		</item>
		<item>
			<value>spiral</value>
		</item>
		<item>
			<value>spit</value>
		</item>
		<item>
			<value>splat</value>
		</item>
		<item>
			<value>split</value>
		</item>
		<item>
			<value>spot</value>
		</item>
		<item>
			<value>sprag</value>
		</item>
		<item>
			<value>spraygun</value>
		</item>
		<item>
			<value>sprig</value>
		</item>
		<item>
			<value>springtip</value>
		</item>
		<item>
			<value>spud</value>
		</item>
		<item>
			<value>spur</value>
		</item>
		<item>
			<value>squat</value>
		</item>
		<item>
			<value>squirrel</value>
		</item>
		<item>
			<value>stab</value>
		</item>
		<item>
			<value>stag</value>
		</item>
		<item>
			<value>star</value>
		</item>
		<item>
			<value>stem</value>
		</item>
		<item>
			<value>sten</value>
		</item>
		<item>
			<value>stencil</value>
		</item>
		<item>
			<value>step</value>
		</item>
		<item>
			<value>stir</value>
		</item>
		<item>
			<value>stop</value>
		</item>
		<item>
			<value>storytel</value>
		</item>
		<item>
			<value>strap</value>
		</item>
		<item>
			<value>strim</value>
		</item>
		<item>
			<value>strip</value>
		</item>
		<item>
			<value>strop</value>
		</item>
		<item>
			<value>strug</value>
		</item>
		<item>
			<value>strum</value>
		</item>
		<item>
			<value>strut</value>
		</item>
		<item>
			<value>stub</value>
		</item>
		<item>
			<value>stud</value>
		</item>
		<item>
			<value>stun</value>
		</item>
		<item>
			<value>sub</value>
		</item>
		<item>
			<value>subcrop</value>
		</item>
		<item>
			<value>sublet</value>
		</item>
		<item>
			<value>submit</value>
		</item>
		<item>
			<value>subset</value>
		</item>
		<item>
			<value>suedetrim</value>
		</item>
		<item>
			<value>sum</value>
		</item>
		<item>
			<value>summit</value>
		</item>
		<item>
			<value>sun</value>
		</item>
		<item>
			<value>suntan</value>
		</item>
		<item>
			<value>sup</value>
		</item>
		<item>
			<value>super-chil</value>
		</item>
		<item>
			<value>superad</value>
		</item>
		<item>
			<value>swab</value>
		</item>
		<item>
			<value>swag</value>
		</item>
		<item>
			<value>swan</value>
		</item>
		<item>
			<value>swap</value>
		</item>
		<item>
			<value>swat</value>
		</item>
		<item>
			<value>swig</value>
		</item>
		<item>
			<value>swim</value>
		</item>
		<item>
			<value>swivel</value>
		</item>
		<item>
			<value>swot</value>
		</item>
		<item>
			<value>tab</value>
		</item>
		<item>
			<value>tag</value>
		</item>
		<item>
			<value>tan</value>
		</item>
		<item>
			<value>tansfer</value>
		</item>
		<item>
			<value>tap</value>
		</item>
		<item>
			<value>tar</value>
		</item>
		<item>
			<value>tassel</value>
		</item>
		<item>
			<value>tat</value>
		</item>
		<item>
			<value>tefer</value>
		</item>
		<item>
			<value>teleshop</value>
		</item>
		<item>
			<value>tendril</value>
		</item>
		<item>
			<value>terschel</value>
		</item>
		<item>
			<value>th'strip</value>
		</item>
		<item>
			<value>thermal</value>
		</item>
		<item>
			<value>thermostat</value>
		</item>
		<item>
			<value>thin</value>
		</item>
		<item>
			<value>throb</value>
		</item>
		<item>
			<value>thrum</value>
		</item>
		<item>
			<value>thud</value>
		</item>
		<item>
			<value>thug</value>
		</item>
		<item>
			<value>tightlip</value>
		</item>
		<item>
			<value>tin</value>
		</item>
		<item>
			<value>tinsel</value>
		</item>
		<item>
			<value>tip</value>
		</item>
		<item>
			<value>tittup</value>
		</item>
		<item>
			<value>toecap</value>
		</item>
		<item>
			<value>tog</value>
		</item>
		<item>
			<value>tom</value>
		</item>
		<item>
			<value>tomorrow</value>
		</item>
		<item>
			<value>top</value>
		</item>
		<item>
			<value>tot</value>
		</item>
		<item>
			<value>total</value>
		</item>
		<item>
			<value>towel</value>
		</item>
		<item>
			<value>traget</value>
		</item>
		<item>
			<value>trainspot</value>
		</item>
		<item>
			<value>tram</value>
		</item>
		<item>
			<value>trammel</value>
		</item>
		<item>
			<value>transfer</value>
		</item>
		<item>
			<value>tranship</value>
		</item>
		<item>
			<value>transit</value>
		</item>
		<item>
			<value>transmit</value>
		</item>
		<item>
			<value>transship</value>
		</item>
		<item>
			<value>trap</value>
		</item>
		<item>
			<value>travel</value>
		</item>
		<item>
			<value>trek</value>
		</item>
		<item>
			<value>trendset</value>
		</item>
		<item>
			<value>trim</value>
		</item>
		<item>
			<value>trip</value>
		</item>
		<item>
			<value>tripod</value>
		</item>
		<item>
			<value>trod</value>
		</item>
		<item>
			<value>trog</value>
		</item>
		<item>
			<value>trot</value>
		</item>
		<item>
			<value>trousseaushop</value>
		</item>
		<item>
			<value>trowel</value>
		</item>
		<item>
			<value>trup</value>
		</item>
		<item>
			<value>tub</value>
		</item>
		<item>
			<value>tug</value>
		</item>
		<item>
			<value>tunnel</value>
		</item>
		<item>
			<value>tup</value>
		</item>
		<item>
			<value>tut</value>
		</item>
		<item>
			<value>twat</value>
		</item>
		<item>
			<value>twig</value>
		</item>
		<item>
			<value>twin</value>
		</item>
		<item>
			<value>twit</value>
		</item>
		<item>
			<value>typeset</value>
		</item>
		<item>
			<value>tyset</value>
		</item>
		<item>
			<value>un-man</value>
		</item>
		<item>
			<value>unban</value>
		</item>
		<item>
			<value>unbar</value>
		</item>
		<item>
			<value>unbob</value>
		</item>
		<item>
			<value>uncap</value>
		</item>
		<item>
			<value>unclip</value>
		</item>
		<item>
			<value>uncompel</value>
		</item>
		<item>
			<value>undam</value>
		</item>
		<item>
			<value>under-bil</value>
		</item>
		<item>
			<value>under-cut</value>
		</item>
		<item>
			<value>under-fit</value>
		</item>
		<item>
			<value>under-pin</value>
		</item>
		<item>
			<value>under-skil</value>
		</item>
		<item>
			<value>underbid</value>
		</item>
		<item>
			<value>undercut</value>
		</item>
		<item>
			<value>underlet</value>
		</item>
		<item>
			<value>underman</value>
		</item>
		<item>
			<value>underpin</value>
		</item>
		<item>
			<value>unfit</value>
		</item>
		<item>
			<value>unfulfil</value>
		</item>
		<item>
			<value>unknot</value>
		</item>
		<item>
			<value>unlip</value>
		</item>
		<item>
			<value>unlywil</value>
		</item>
		<item>
			<value>unman</value>
		</item>
		<item>
			<value>unpad</value>
		</item>
		<item>
			<value>unpeg</value>
		</item>
		<item>
			<value>unpin</value>
		</item>
		<item>
			<value>unplug</value>
		</item>
		<item>
			<value>unravel</value>
		</item>
		<item>
			<value>unrol</value>
		</item>
		<item>
			<value>unscrol</value>
		</item>
		<item>
			<value>unsnap</value>
		</item>
		<item>
			<value>unstal</value>
		</item>
		<item>
			<value>unstep</value>
		</item>
		<item>
			<value>unstir</value>
		</item>
		<item>
			<value>untap</value>
		</item>
		<item>
			<value>unwrap</value>
		</item>
		<item>
			<value>unzip</value>
		</item>
		<item>
			<value>up</value>
		</item>
		<item>
			<value>upset</value>
		</item>
		<item>
			<value>upskil</value>
		</item>
		<item>
			<value>upwel</value>
		</item>
		<item>
			<value>ven</value>
		</item>
		<item>
			<value>verbal</value>
		</item>
		<item>
			<value>vet</value>
		</item>
		<item>
			<value>victual</value>
		</item>
		<item>
			<value>vignet</value>
		</item>
		<item>
			<value>wad</value>
		</item>
		<item>
			<value>wag</value>
		</item>
		<item>
			<value>wainscot</value>
		</item>
		<item>
			<value>wan</value>
		</item>
		<item>
			<value>war</value>
		</item>
		<item>
			<value>water-log</value>
		</item>
		<item>
			<value>waterfal</value>
		</item>
		<item>
			<value>waterfil</value>
		</item>
		<item>
			<value>waterlog</value>
		</item>
		<item>
			<value>weasel</value>
		</item>
		<item>
			<value>web</value>
		</item>
		<item>
			<value>wed</value>
		</item>
		<item>
			<value>wet</value>
		</item>
		<item>
			<value>wham</value>
		</item>
		<item>
			<value>whet</value>
		</item>
		<item>
			<value>whip</value>
		</item>
		<item>
			<value>whir</value>
		</item>
		<item>
			<value>whiteskin</value>
		</item>
		<item>
			<value>whiz</value>
		</item>
		<item>
			<value>whup</value>
		</item>
		<item>
			<value>wildcat</value>
		</item>
		<item>
			<value>win</value>
		</item>
		<item>
			<value>windmil</value>
		</item>
		<item>
			<value>wit</value>
		</item>
		<item>
			<value>woodchop</value>
		</item>
		<item>
			<value>woodcut</value>
		</item>
		<item>
			<value>wor</value>
		</item>
		<item>
			<value>worship</value>
		</item>
		<item>
			<value>wrap</value>
		</item>
		<item>
			<value>wiretap</value>
		</item>
		<item>
			<value>yen</value>
		</item>
		<item>
			<value>yak</value>
		</item>
		<item>
			<value>yap</value>
		</item>
		<item>
			<value>yarnspin</value>
		</item>
		<item>
			<value>yip</value>
		</item>
		<item>
			<value>yodel</value>
		</item>
		<item>
			<value>zag</value>
		</item>
		<item>
			<value>zap</value>
		</item>
		<item>
			<value>zig</value>
		</item>
		<item>
			<value>zig-zag</value>
		</item>
		<item>
			<value>zigzag</value>
		</item>
		<item>
			<value>zip</value>
		</item>
		<item>
			<value>ztrip</value>
		</item>
		<item>
			<value>hand-bag</value>
		</item>
		<item>
			<value>hocus</value>
		</item>
		<item>
			<value>hocus-pocus</value>
		</item>
	</list>

	<list>
		<name>modals</name>
		<item>
			<value>shall</value>
		</item>
		<item>
			<value>would</value>
		</item>
		<item>
			<value>may</value>
		</item>
		<item>
			<value>might</value>
		</item>
		<item>
			<value>ought</value>
		</item>
		<item>
			<value>should</value>
		</item>
	</list>

	<list>
		<name>symbols</name>
		<item>
			<value>!</value>
		</item>
		<item>
			<value>?</value>
		</item>
		<item>
			<value>$</value>
		</item>
		<item>
			<value>%</value>
		</item>
		<item>
			<value>*</value>
		</item>
		<item>
			<value>+</value>
		</item>
		<item>
			<value>-</value>
		</item>
		<item>
			<value>=</value>
		</item>
	</list>

	<list>
		<name>null plural</name>
		<item>
			<value>Bantu</value>
		</item>
		<item>
			<value>Bengalese</value>
		</item>
		<item>
			<value>Bengali</value>
		</item>
		<item>
			<value>Beninese</value>
		</item>
		<item>
			<value>Boche</value>
		</item>
		<item>
			<value>bonsai</value>
		</item>
		<item>
			<value>Burmese</value>
		</item>
		<item>
			<value>Chinese</value>
		</item>
		<item>
			<value>Congolese</value>
		</item>
		<item>
			<value>Gabonese</value>
		</item>
		<item>
			<value>Guyanese</value>
		</item>
		<item>
			<value>Japanese</value>
		</item>
		<item>
			<value>Javanese</value>
		</item>
		<item>
			<value>Lebanese</value>
		</item>
		<item>
			<value>Maltese</value>
		</item>
		<item>
			<value>Olympics</value>
		</item>
		<item>
			<value>Portuguese</value>
		</item>
		<item>
			<value>Senegalese</value>
		</item>
		<item>
			<value>Siamese</value>
		</item>
		<item>
			<value>Singhalese</value>
		</item>
		<item>
			<value>Sinhalese</value>
		</item>
		<item>
			<value>Sioux</value>
		</item>
		<item>
			<value>Sudanese</value>
		</item>
		<item>
			<value>Swiss</value>
		</item>
		<item>
			<value>Taiwanese</value>
		</item>
		<item>
			<value>Togolese</value>
		</item>
		<item>
			<value>Vietnamese</value>
		</item>
		<item>
			<value>aircraft</value>
		</item>
		<item>
			<value>anopheles</value>
		</item>
		<item>
			<value>apparatus</value>
		</item>
		<item>
			<value>asparagus</value>
		</item>
		<item>
			<value>barracks</value>
		</item>
		<item>
			<value>bellows</value>
		</item>
		<item>
			<value>bison</value>
		</item>
		<item>
			<value>bluefish</value>
		</item>
		<item>
			<value>bob</value>
		</item>
		<item>
			<value>bourgeois</value>
		</item>
		<item>
			<value>bream</value>
		</item>
		<item>
			<value>brill</value>
		</item>
		<item>
			<value>butterfingers</value>
		</item>
		<item>
			<value>carp</value>
		</item>
		<item>
			<value>catfish</value>
		</item>
		<item>
			<value>chassis</value>
		</item>
		<item>
			<value>clothes</value>
		</item>
		<item>
			<value>chub</value>
		</item>
		<item>
			<value>cod</value>
		</item>
		<item>
			<value>codfish</value>
		</item>
		<item>
			<value>coley</value>
		</item>
		<item>
			<value>contretemps</value>
		</item>
		<item>
			<value>corps</value>
		</item>
		<item>
			<value>crawfish</value>
		</item>
		<item>
			<value>crayfish</value>
		</item>
		<item>
			<value>crossroads</value>
		</item>
		<item>
			<value>cuttlefish</value>
		</item>
		<item>
			<value>dace</value>
		</item>
		<item>
			<value>dice</value>
		</item>
		<item>
			<value>dogfish</value>
		</item>
		<item>
			<value>doings</value>
		</item>
		<item>
			<value>dory</value>
		</item>
		<item>
			<value>downstairs</value>
		</item>
		<item>
			<value>eldest</value>
		</item>
		<item>
			<value>earnings</value>
		</item>
		<item>
			<value>economics</value>
		</item>
		<item>
			<value>electronics</value>
		</item>
		<item>
			<value>finnan</value>
		</item>
		<item>
			<value>firstborn</value>
		</item>
		<item>
			<value>fish</value>
		</item>
		<item>
			<value>flatfish</value>
		</item>
		<item>
			<value>flounder</value>
		</item>
		<item>
			<value>fowl</value>
		</item>
		<item>
			<value>fry</value>
		</item>
		<item>
			<value>fries</value>
		</item>
		<item>
			<value>works</value>
		</item>
		<item>
			<value>globefish</value>
		</item>
		<item>
			<value>goldfish</value>
		</item>
		<item>
			<value>grief</value>
		</item>
		<item>
			<value>grand</value>
		</item>
		<item>
			<value>gudgeon</value>
		</item>
		<item>
			<value>gulden</value>
		</item>
		<item>
			<value>haddock</value>
		</item>
		<item>
			<value>hake</value>
		</item>
		<item>
			<value>halibut</value>
		</item>
		<item>
			<value>headquarters</value>
		</item>
		<item>
			<value>herring</value>
		</item>
		<item>
			<value>hertz</value>
		</item>
		<item>
			<value>horsepower</value>
		</item>
		<item>
			<value>hovercraft</value>
		</item>
		<item>
			<value>hundredweight</value>
		</item>
		<item>
			<value>ironworks</value>
		</item>
		<item>
			<value>jackanapes</value>
		</item>
		<item>
			<value>kilohertz</value>
		</item>
		<item>
			<value>kurus</value>
		</item>
		<item>
			<value>kwacha</value>
		</item>
		<item>
			<value>ling</value>
		</item>
		<item>
			<value>lungfish</value>
		</item>
		<item>
			<value>mackerel</value>
		</item>
		<item>
			<value>means</value>
		</item>
		<item>
			<value>megahertz</value>
		</item>
		<item>
			<value>moorfowl</value>
		</item>
		<item>
			<value>moorgame</value>
		</item>
		<item>
			<value>mullet</value>
		</item>
		<item>
			<value>nepalese</value>
		</item>
		<item>
			<value>offspring</value>
		</item>
		<item>
			<value>pampas</value>
		</item>
		<item>
			<value>parr</value>
		</item>
		<item>
			<value>patois</value>
		</item>
		<item>
			<value>pekinese</value>
		</item>
		<item>
			<value>penn'orth</value>
		</item>
		<item>
			<value>perch</value>
		</item>
		<item>
			<value>pickerel</value>
		</item>
		<item>
			<value>pike</value>
		</item>
		<item>
			<value>pince-nez</value>
		</item>
		<item>
			<value>plaice</value>
		</item>
		<item>
			<value>precis</value>
		</item>
		<item>
			<value>quid</value>
		</item>
		<item>
			<value>rand</value>
		</item>
		<item>
			<value>rendezvous</value>
		</item>
		<item>
			<value>revers</value>
		</item>
		<item>
			<value>roach</value>
		</item>
		<item>
			<value>roux</value>
		</item>
		<item>
			<value>salmon</value>
		</item>
		<item>
			<value>samurai</value>
		</item>
		<item>
			<value>series</value>
		</item>
		<item>
			<value>seychelles</value>
		</item>
		<item>
			<value>seychellois</value>
		</item>
		<item>
			<value>shad</value>
		</item>
		<item>
			<value>sheep</value>
		</item>
		<item>
			<value>shellfish</value>
		</item>
		<item>
			<value>smelt</value>
		</item>
		<item>
			<value>spacecraft</value>
		</item>
		<item>
			<value>species</value>
		</item>
		<item>
			<value>starfish</value>
		</item>
		<item>
			<value>stockfish</value>
		</item>
		<item>
			<value>sunfish</value>
		</item>
		<item>
			<value>superficies</value>
		</item>
		<item>
			<value>sweepstakes</value>
		</item>
		<item>
			<value>swordfish</value>
		</item>
		<item>
			<value>tench</value>
		</item>
		<item>
			<value>tope</value>
		</item>
		<item>
			<value>triceps</value>
		</item>
		<item>
			<value>trout</value>
		</item>
		<item>
			<value>tuna</value>
		</item>
		<item>
			<value>tunafish</value>
		</item>
		<item>
			<value>tunny</value>
		</item>
		<item>
			<value>turbot</value>
		</item>
		<item>
			<value>undersigned</value>
		</item>
		<item>
			<value>veg</value>
		</item>
		<item>
			<value>waterfowl</value>
		</item>
		<item>
			<value>waterworks</value>
		</item>
		<item>
			<value>waxworks</value>
		</item>
		<item>
			<value>whiting</value>
		</item>
		<item>
			<value>wildfowl</value>
		</item>
		<item>
			<value>woodworm</value>
		</item>
		<item>
			<value>yen</value>
		</item>
		<item>
			<value>aries</value>
		</item>
		<item>
			<value>pisces</value>
		</item>
		<item>
			<value>forceps</value>
		</item>
		<item>
			<value>lieder</value>
		</item>
	</list>
</word_list>
